<BackupInst xmlns="http://www.microsoft.com/GroupPolicy/GPOOperations/Manifest"><GPOGuid><![CDATA[{061E3BDE-E78F-4B22-A797-974B077BF1CF}]]></GPOGuid><GPODomain><![CDATA[miratime.org]]></GPODomain><GPODomainGuid><![CDATA[{c992551c-902d-48a9-8ba9-9778bf537a67}]]></GPODomainGuid><GPODomainController><![CDATA[Blu-DC00.miratime.org]]></GPODomainController><BackupTime><![CDATA[2021-02-02T17:04:15]]></BackupTime><ID><![CDATA[{6E03BBE6-53CE-4E9E-ABDD-30BA9A8C6905}]]></ID><Comment><![CDATA[Logmira - Reduced Verbosity]]></Comment><GPODisplayName><![CDATA[Logging - RV]]></GPODisplayName></BackupInst>
