<BackupInst xmlns="http://www.microsoft.com/GroupPolicy/GPOOperations/Manifest"><GPOGuid><![CDATA[{AA3A4A06-3CAE-42CE-8744-3E47E519A430}]]></GPOGuid><GPODomain><![CDATA[miratime.org]]></GPODomain><GPODomainGuid><![CDATA[{c992551c-902d-48a9-8ba9-9778bf537a67}]]></GPODomainGuid><GPODomainController><![CDATA[BLU-DC01.miratime.org]]></GPODomainController><BackupTime><![CDATA[2023-05-05T16:03:11]]></BackupTime><ID><![CDATA[{BCDE0EAB-10F0-4EF6-B15F-E59B2A3C85DB}]]></ID><Comment><![CDATA[Logmira for Domain Controllers]]></Comment><GPODisplayName><![CDATA[Logmira - DCs]]></GPODisplayName></BackupInst>
