<BackupInst xmlns="http://www.microsoft.com/GroupPolicy/GPOOperations/Manifest"><GPOGuid><![CDATA[{9CDA7D61-0780-46DB-9ABF-36F96C13904E}]]></GPOGuid><GPODomain><![CDATA[blulab.dev]]></GPODomain><GPODomainGuid><![CDATA[{3d0888ec-0208-4f8a-be06-631ce97f30fc}]]></GPODomainGuid><GPODomainController><![CDATA[blu-dc01.blulab.dev]]></GPODomainController><BackupTime><![CDATA[2020-05-07T13:42:07]]></BackupTime><ID><![CDATA[{1FDB080A-BDF7-4602-8E5C-5D866F6338AC}]]></ID><Comment><![CDATA[Logging Template]]></Comment><GPODisplayName><![CDATA[LoggingTemplate]]></GPODisplayName></BackupInst>
