<BackupInst xmlns="http://www.microsoft.com/GroupPolicy/GPOOperations/Manifest"><GPOGuid><![CDATA[{C0F30034-879B-44B0-BC8C-AEDCFB1BCA8F}]]></GPOGuid><GPODomain><![CDATA[miratime.org]]></GPODomain><GPODomainGuid><![CDATA[{c992551c-902d-48a9-8ba9-9778bf537a67}]]></GPODomainGuid><GPODomainController><![CDATA[Blu-DC00.miratime.org]]></GPODomainController><BackupTime><![CDATA[2022-03-09T17:41:58]]></BackupTime><ID><![CDATA[{F0D0EA44-1516-469C-AB72-79E4E2668DFA}]]></ID><Comment><![CDATA[]]></Comment><GPODisplayName><![CDATA[Logmira]]></GPODisplayName></BackupInst>
