<BackupInst xmlns="http://www.microsoft.com/GroupPolicy/GPOOperations/Manifest"><GPOGuid><![CDATA[{2A7269A1-FC2F-43C5-B66E-FD15FB95EEA7}]]></GPOGuid><GPODomain><![CDATA[blulab.dev]]></GPODomain><GPODomainGuid><![CDATA[{3d0888ec-0208-4f8a-be06-631ce97f30fc}]]></GPODomainGuid><GPODomainController><![CDATA[blu-dc00.blulab.dev]]></GPODomainController><BackupTime><![CDATA[2020-10-06T14:30:52]]></BackupTime><ID><![CDATA[{F43962F2-1DCE-4DE2-9B0C-B0A553C9B97F}]]></ID><Comment><![CDATA[Logging Template - Reduced Verbosity]]></Comment><GPODisplayName><![CDATA[LoggingTemplate - Reduced Verbosity]]></GPODisplayName></BackupInst>
