<BackupInst xmlns="http://www.microsoft.com/GroupPolicy/GPOOperations/Manifest"><GPOGuid><![CDATA[{9CDA7D61-0780-46DB-9ABF-36F96C13904E}]]></GPOGuid><GPODomain><![CDATA[blulab.dev]]></GPODomain><GPODomainGuid><![CDATA[{3d0888ec-0208-4f8a-be06-631ce97f30fc}]]></GPODomainGuid><GPODomainController><![CDATA[blu-dc01.blulab.dev]]></GPODomainController><BackupTime><![CDATA[2020-07-14T21:01:18]]></BackupTime><ID><![CDATA[{0FF908F6-797B-4166-8A56-33CC84185874}]]></ID><Comment><![CDATA[Logging Template v2]]></Comment><GPODisplayName><![CDATA[LoggingTemplate]]></GPODisplayName></BackupInst>
