<BackupInst xmlns="http://www.microsoft.com/GroupPolicy/GPOOperations/Manifest"><GPOGuid><![CDATA[{30CEF931-B145-4B2A-88F7-F45C481DD2AB}]]></GPOGuid><GPODomain><![CDATA[miratime.org]]></GPODomain><GPODomainGuid><![CDATA[{c992551c-902d-48a9-8ba9-9778bf537a67}]]></GPODomainGuid><GPODomainController><![CDATA[Blu-DC00.miratime.org]]></GPODomainController><BackupTime><![CDATA[2021-02-02T17:03:06]]></BackupTime><ID><![CDATA[{6308EFD9-14FB-4102-A1E2-14A2F060CAE7}]]></ID><Comment><![CDATA[Logmira - Full Verbosity]]></Comment><GPODisplayName><![CDATA[Logging - FV]]></GPODisplayName></BackupInst>
